subject,kernel,r_s,balanced_hit_seed_mean,raw_hit_seed_mean,auc_seed_mean
P3Numbers_20141023_f_11_001,33,18,1.0,1.0,0.7625478927203065
P3Numbers_20141023_f_11_002,33,6,1.0,1.0,0.9047619047619048
P3Numbers_20141023_f_11_003,33,18,0.6666666666666666,0.6666666666666666,0.5829986613119144
P3Numbers_20141023_f_12_001,33,12,0.3333333333333333,0.6666666666666666,0.5648148148148148
P3Numbers_20141023_f_12_002,33,7,1.0,1.0,0.7888216652261596
P3Numbers_20141023_f_13_001,33,6,1.0,1.0,0.9516666666666667
P3Numbers_20141023_f_14_001,33,3,1.0,1.0,0.9948717948717949
P3Numbers_20141023_f_14_002,33,27,0.0,0.0,0.5573779409764722
P3Numbers_20141023_f_14_003,33,20,1.0,1.0,0.6655148237179486
P3Numbers_20141023_f_15_001,33,24,0.0,0.3333333333333333,0.592947363478424
P3Numbers_20141023_m_12_001,33,9,1.0,0.6666666666666666,0.6681190994916486
P3Numbers_20141023_m_12_002,33,16,0.3333333333333333,0.0,0.4969592373438527
P3Numbers_20141023_m_13_001,33,27,1.0,0.6666666666666666,0.5804232804232804
P3Numbers_20141023_m_14_001,33,18,1.0,1.0,0.6743524570321956
P3Numbers_20141023_m_14_002,33,24,0.6666666666666666,0.6666666666666666,0.6499732477260567
P3Numbers_20141023_m_15_001,33,28,1.0,0.6666666666666666,0.7335055121122989
P3Numbers_20141023_m_15_002,33,8,1.0,1.0,0.7422680412371134
P3Numbers_20141023_m_15_003,33,5,1.0,1.0,0.8393895348837209
P3Numbers_20141124_f_12_001,33,7,1.0,1.0,0.8258101851851851
P3Numbers_20141124_f_12_002,33,15,1.0,1.0,0.8596296296296296
P3Numbers_20141124_f_13_001,33,29,1.0,1.0,0.6558761435608726
P3Numbers_20141124_f_13_002,33,8,0.6666666666666666,1.0,0.8115646258503402
P3Numbers_20141124_f_14_001,33,18,0.6666666666666666,0.6666666666666666,0.6944852341328113
P3Numbers_20141124_f_14_002,33,10,0.6666666666666666,0.6666666666666666,0.6910860655737704
P3Numbers_20141124_f_14_003,33,4,1.0,1.0,0.9921752738654147
P3Numbers_20141124_f_14_004,33,6,0.6666666666666666,0.6666666666666666,0.6693662972435351
P3Numbers_20141124_f_15_001,33,22,1.0,1.0,0.7898860398860399
P3Numbers_20141124_f_17_001,33,8,0.6666666666666666,0.6666666666666666,0.8470744680851063
P3Numbers_20141124_f_17_002,33,32,0.6666666666666666,0.6666666666666666,0.6348958333333333
P3Numbers_20141124_m_12_001,33,10,1.0,0.3333333333333333,0.7083333333333334
P3Numbers_20141124_m_12_002,33,14,1.0,1.0,0.770145477545857
P3Numbers_20141124_m_13_001,33,23,1.0,1.0,0.7439765694076038
P3Numbers_20141124_m_14_001,33,11,1.0,0.6666666666666666,0.6427092576160899
P3Numbers_20141124_m_14_002,33,13,1.0,1.0,0.7135416666666666
P3Numbers_20141124_m_14_004,33,25,0.6666666666666666,1.0,0.6999968615635691
P3Numbers_20141124_m_15_001,33,10,1.0,1.0,0.687878787878788
P3Numbers_20141124_m_17_001,33,18,0.0,0.0,0.6608108108108107
P3Numbers_20141204_f_10_001,33,28,1.0,1.0,0.7106056900627701
P3Numbers_20141204_f_11_001,33,9,1.0,1.0,0.856516290726817
P3Numbers_20141204_f_11_002,33,21,1.0,1.0,0.6878306878306879
P3Numbers_20141204_f_11_003,33,11,0.0,0.6666666666666666,0.681098696461825
P3Numbers_20141204_f_11_004,33,12,1.0,0.3333333333333333,0.6686764283663509
P3Numbers_20141204_f_11_005,33,28,0.0,0.0,0.5509757068896853
P3Numbers_20141204_f_11_006,33,18,1.0,0.0,0.6153198653198654
P3Numbers_20141204_f_12_001,33,20,0.6666666666666666,0.3333333333333333,0.578875760830648
P3Numbers_20141204_f_12_002,33,17,0.6666666666666666,1.0,0.7396836120024771
P3Numbers_20141204_f_12_003,33,19,0.0,0.3333333333333333,0.5879493062383917
P3Numbers_20141204_f_13_001,33,14,1.0,1.0,0.8388573232323232
P3Numbers_20141204_f_13_002,33,14,0.0,0.0,0.5853591160220994
P3Numbers_20141204_f_14_001,33,25,0.3333333333333333,1.0,0.6531884707287933
P3Numbers_20141204_f_14_002,33,12,1.0,1.0,0.7687074829931974
P3Numbers_20141204_f_15_001,33,4,0.3333333333333333,0.0,0.5777777777777778
P3Numbers_20141204_m_08_001,33,21,0.0,0.0,0.5021114864864864
P3Numbers_20141204_m_11_001,33,34,0.3333333333333333,0.0,0.5546925001454587
P3Numbers_20141204_m_11_002,33,15,0.3333333333333333,0.3333333333333333,0.49610757254069354
P3Numbers_20141204_m_12_001,33,3,0.0,0.6666666666666666,0.6448643410852714
P3Numbers_20141204_m_12_002,33,4,1.0,1.0,0.9313131313131313
P3Numbers_20141204_m_13_001,33,18,1.0,1.0,0.6707375478927203
P3Numbers_20141204_m_14_001,33,20,0.0,0.0,0.5158730158730158
P3Numbers_20141204_m_14_002,33,25,1.0,0.6666666666666666,0.683076225045372
P3Numbers_20150107_f_13_001,33,20,0.6666666666666666,0.0,0.7775409680780525
P3Numbers_20150107_f_14_001,33,16,1.0,1.0,0.8394698085419735
P3Numbers_20150107_f_14_003,33,9,1.0,1.0,0.9261951971799954
P3Numbers_20150107_f_14_004,33,9,1.0,1.0,0.7128378378378378
P3Numbers_20150107_f_14_005,33,12,1.0,1.0,0.6487232574189096
P3Numbers_20150107_f_14_006,33,20,0.0,0.0,0.41020408163265304
P3Numbers_20150107_f_14_007,33,9,1.0,1.0,0.750278706800446
P3Numbers_20150107_f_15_001,33,14,0.6666666666666666,0.6666666666666666,0.7242857142857142
P3Numbers_20150107_m_14_001,33,11,1.0,1.0,0.8484126984126984
P3Numbers_20150107_m_14_002,33,14,0.0,0.0,0.5755500207555002
P3Numbers_20150107_m_14_003,33,6,0.6666666666666666,1.0,0.7971643518518517
P3Numbers_20150107_m_14_004,33,24,1.0,1.0,0.6511937557392102
P3Numbers_20150107_m_14_005,33,9,0.6666666666666666,0.3333333333333333,0.6524683267802533
P3Numbers_20150107_m_15_001,33,17,0.6666666666666666,0.6666666666666666,0.6857203569910753
P3Numbers_20150126_f_09_001,33,13,1.0,1.0,0.843064692982456
P3Numbers_20150126_f_09_002,33,4,0.0,0.3333333333333333,0.6175799086757991
P3Numbers_20150126_f_10_001,33,15,1.0,1.0,0.7897474462618286
P3Numbers_20150126_f_11_001,33,26,0.6666666666666666,1.0,0.5671041119860017
P3Numbers_20150126_f_12_001,33,30,1.0,1.0,0.7065801409531783
P3Numbers_20150126_f_12_002,33,19,1.0,0.6666666666666666,0.7620984379605069
P3Numbers_20150126_f_12_003,33,4,1.0,1.0,0.8238265002970885
P3Numbers_20150126_f_12_004,33,21,1.0,1.0,0.6353329210472068
P3Numbers_20150126_f_13_001,33,25,0.6666666666666666,0.3333333333333333,0.5438003220611917
P3Numbers_20150126_f_14_001,33,14,1.0,1.0,0.7355442176870749
P3Numbers_20150126_m_07_001,33,17,0.0,0.6666666666666666,0.5639400921658986
P3Numbers_20150126_m_09_001,33,24,1.0,0.0,0.5247678018575851
P3Numbers_20150126_m_12_001,33,6,0.3333333333333333,0.0,0.5641025641025642
P3Numbers_20150126_m_12_002,33,16,0.0,0.0,0.5588712522045856
P3Numbers_20150126_m_12_003,33,13,0.6666666666666666,0.6666666666666666,0.6430235266713255
P3Numbers_20150126_m_12_004,33,14,1.0,0.6666666666666666,0.6484245439469319
P3Numbers_20150126_m_13_001,33,14,1.0,1.0,0.6615937746256896
P3Numbers_20150126_m_13_002,33,22,0.3333333333333333,1.0,0.6146779729456895
P3Numbers_20150126_m_15_001,33,14,1.0,1.0,0.7818713450292397
P3Numbers_20150126_m_15_002,33,12,0.0,0.0,0.5595860566448801
P3Numbers_20150126_m_15_003,33,19,0.0,0.0,0.5038276029912828
P3Numbers_20150126_m_15_004,33,13,0.0,0.0,0.5671198624785122
P3Numbers_20150203_m_15_001,33,25,0.6666666666666666,1.0,0.6818421417672353
P3Numbers_20150203_m_16_001,33,26,0.6666666666666666,0.3333333333333333,0.5622071050642479
P3Numbers_20150203_m_17_001,33,18,0.0,0.0,0.49569209039548023
P3Numbers_20150203_m_17_002,33,21,0.0,0.0,0.5535444947209652
P3Numbers_20150203_m_17_003,33,25,0.6666666666666666,1.0,0.6717486994797919
P3Numbers_20150203_m_17_004,33,28,1.0,1.0,0.7180303030303031
P3Numbers_20150203_m_17_005,33,15,0.6666666666666666,1.0,0.8053163211057948
P3Numbers_20150203_m_17_006,33,29,0.3333333333333333,0.0,0.5739463601532567
P3Numbers_20150204_f_11_001,33,23,0.6666666666666666,1.0,0.7055169894044574
P3Numbers_20150204_f_11_002,33,13,0.0,0.0,0.6219528619528619
P3Numbers_20150204_f_12_001,33,11,1.0,1.0,0.7484848484848485
P3Numbers_20150204_f_12_002,33,16,1.0,1.0,0.8436084987809126
P3Numbers_20150204_f_12_003,33,10,1.0,1.0,0.8267419962335216
P3Numbers_20150204_f_13_001,33,9,1.0,0.0,0.8025711662075299
P3Numbers_20150204_f_13_002,33,22,0.6666666666666666,0.6666666666666666,0.5473763236921133
P3Numbers_20150204_f_13_003,33,15,1.0,1.0,0.6614842454394693
P3Numbers_20150204_m_12_001,33,34,0.0,0.0,0.6157009770506704
P3Numbers_20150204_m_12_002,33,19,1.0,0.6666666666666666,0.670391061452514
P3Numbers_20150204_m_12_003,33,32,0.0,0.0,0.43429989550679204
P3Numbers_20150204_m_12_004,33,24,0.0,0.3333333333333333,0.5648731768216558
P3Numbers_20150204_m_12_005,33,23,1.0,1.0,0.7725468975468975
P3Numbers_20150204_m_12_006,33,23,0.0,0.0,0.5068409586056645
P3Numbers_20150204_m_13_001,33,18,0.3333333333333333,0.3333333333333333,0.6207482993197279
P3Numbers_20150204_m_13_002,33,7,0.6666666666666666,1.0,0.7227595099935525
P3Numbers_20150204_m_13_003,33,23,0.0,0.3333333333333333,0.5500910746812385
P3Numbers_20150204_m_13_004,33,28,0.0,0.0,0.5976268796992481
P3Numbers_20150204_m_13_005,33,7,0.0,0.0,0.503968253968254
P3Numbers_20150204_m_14_001,33,22,1.0,1.0,0.7560453869047619
P3Numbers_20150224_f_09_001,33,28,0.6666666666666666,0.6666666666666666,0.6618773946360154
P3Numbers_20150224_f_10_001,33,23,0.3333333333333333,0.3333333333333333,0.555444887118194
P3Numbers_20150224_f_11_001,33,27,1.0,1.0,0.6498161764705882
P3Numbers_20150224_f_11_002,33,10,0.0,0.6666666666666666,0.5526374859708193
P3Numbers_20150224_f_14_001,33,23,0.0,0.0,0.5288376611906024
P3Numbers_20150224_f_15_001,33,14,1.0,1.0,0.7328803623767652
P3Numbers_20150224_m_11_001,33,13,0.3333333333333333,0.3333333333333333,0.6774038461538462
P3Numbers_20150224_m_11_002,33,19,0.6666666666666666,0.6666666666666666,0.6531135531135531
P3Numbers_20150224_m_11_003,33,22,0.0,0.3333333333333333,0.6688218390804597
P3Numbers_20150224_m_11_004,33,31,0.0,0.0,0.5107556536127965
P3Numbers_20150224_m_12_001,33,17,1.0,1.0,0.6914838035527691
P3Numbers_20150224_m_12_002,33,3,0.0,1.0,0.7469135802469135
P3Numbers_20150224_m_12_003,33,18,0.0,0.0,0.4540051679586563
P3Numbers_20150224_m_13_001,33,22,0.0,0.0,0.4760806029841563
P3Numbers_20150224_m_13_002,33,13,1.0,1.0,0.7470291146761735
P3Numbers_20150224_m_14_001,33,34,0.3333333333333333,0.3333333333333333,0.622948717948718
P3Numbers_20150224_m_15_001,33,30,0.0,0.0,0.4893048128342246
P3Numbers_20150224_m_15_002,33,24,0.0,0.0,0.5204924074893115
P3Numbers_20150224_m_15_003,33,13,0.0,0.0,0.3902889143438972
P3Numbers_20150224_m_15_004,33,18,0.0,1.0,0.6303209651718644
P3Numbers_20150314_m_12_001,33,17,1.0,0.0,0.6347853535353535
P3Numbers_20150326_f_13_001,33,5,1.0,1.0,0.947265625
P3Numbers_20150326_f_13_002,33,20,0.3333333333333333,0.6666666666666666,0.6529761904761905
P3Numbers_20150326_f_15_001,33,27,0.6666666666666666,0.6666666666666666,0.6975533108866442
P3Numbers_20150326_m_14_001,33,18,1.0,1.0,0.816152407667134
P3Numbers_20150326_m_14_002,33,14,0.6666666666666666,1.0,0.7334747260516084
P3Numbers_20150326_m_15_001,33,21,1.0,1.0,0.7540809968847352
P3Numbers_20150326_m_15_002,33,26,1.0,1.0,0.6246385790995457
P3Numbers_20150326_m_15_003,33,24,0.0,0.0,0.530316091954023
P3Numbers_20150326_m_15_004,33,23,0.0,0.0,0.44228324434274097
P3Numbers_20150326_m_16_001,33,13,1.0,1.0,0.8681276432141484
P3Numbers_20150414_f_11_001,33,27,1.0,1.0,0.794625486381323
P3Numbers_20150414_f_11_002,33,9,1.0,1.0,0.8026503567787971
P3Numbers_20150414_f_12_001,33,14,1.0,1.0,0.9017456947393253
P3Numbers_20150414_f_13_001,33,13,1.0,1.0,0.812996632996633
P3Numbers_20150414_f_13_002,33,14,1.0,1.0,0.8576509291366586
P3Numbers_20150414_f_13_003,33,24,0.0,0.0,0.4074815270935961
P3Numbers_20150414_f_13_004,33,10,0.0,0.0,0.6006263616557734
P3Numbers_20150414_f_14_001,33,22,1.0,1.0,0.8023410965550704
P3Numbers_20150414_f_14_002,33,9,1.0,1.0,0.8214670981661273
P3Numbers_20150414_f_14_003,33,16,0.6666666666666666,0.0,0.6647852760736196
P3Numbers_20150414_f_14_004,33,20,1.0,1.0,0.7440318302387268
P3Numbers_20150414_f_15_001,33,18,1.0,0.6666666666666666,0.6872177055103883
P3Numbers_20150414_f_15_002,33,12,0.0,0.0,0.7037178507766743
P3Numbers_20150414_f_15_003,33,6,1.0,1.0,0.8431673052362707
P3Numbers_20150414_f_15_004,33,10,0.6666666666666666,0.6666666666666666,0.6822447447447448
P3Numbers_20150414_m_13_001,33,8,0.3333333333333333,0.3333333333333333,0.7441395082904517
P3Numbers_20150414_m_13_002,33,9,0.6666666666666666,1.0,0.6879942487419123
P3Numbers_20150414_m_13_003,33,23,0.0,0.0,0.4762479871175524
P3Numbers_20150414_m_13_004,33,4,1.0,1.0,0.8842105263157896
P3Numbers_20150414_m_14_001,33,4,1.0,1.0,0.9020270270270271
P3Numbers_20150414_m_14_003,33,4,1.0,1.0,0.9329805996472663
P3Numbers_20150414_m_15_001,33,23,0.6666666666666666,0.6666666666666666,0.6259282087405711
P3Numbers_20150507_f_14_001,33,24,0.0,0.0,0.5126353790613718
P3Numbers_20150507_f_14_002,33,7,1.0,1.0,0.6879251700680272
P3Numbers_20150507_f_14_003,33,8,0.6666666666666666,1.0,0.6332417582417583
P3Numbers_20150507_f_14_004,33,14,1.0,1.0,0.736214605067064
P3Numbers_20150507_f_14_005,33,9,0.0,0.0,0.3200589970501475
P3Numbers_20150507_m_13_001,33,11,1.0,1.0,0.7615356220007383
P3Numbers_20150507_m_14_001,33,3,0.0,0.6666666666666666,0.7352941176470589
P3Numbers_20150507_m_14_002,33,23,0.0,0.0,0.6178567322065079
P3Numbers_20150507_m_14_003,33,24,0.3333333333333333,0.3333333333333333,0.6091183574879228
P3Numbers_20150507_m_14_004,33,9,0.0,0.0,0.5144927536231884
P3Numbers_20150507_m_14_005,33,22,1.0,1.0,0.6827082786956901
P3Numbers_20150507_m_14_006,33,6,1.0,1.0,0.8864035087719299
P3Numbers_20150507_m_14_007,33,8,1.0,1.0,0.7769124264451367
P3Numbers_20150507_m_15_001,33,29,0.3333333333333333,0.3333333333333333,0.616744433063996
P3Numbers_20150507_m_16_001,33,9,0.6666666666666666,0.3333333333333333,0.7690686894226717
P3Numbers_20150514_f_09_001,33,15,0.0,0.6666666666666666,0.6236089710665982
P3Numbers_20150514_f_09_002,33,11,1.0,0.6666666666666666,0.6356075373619233
P3Numbers_20150514_f_10_001,33,18,0.0,0.0,0.5840510366826157
P3Numbers_20150514_f_10_002,33,15,1.0,1.0,0.7897006595636733
P3Numbers_20150514_f_10_003,33,5,1.0,1.0,0.9248971193415638
P3Numbers_20150514_m_09_001,33,3,1.0,1.0,0.7845679012345679
P3Numbers_20150514_m_10_001,33,31,0.6666666666666666,0.6666666666666666,0.6438080608587521
P3Numbers_20150514_m_10_002,33,19,0.6666666666666666,0.3333333333333333,0.5468585283575796
P3Numbers_20150514_m_11_001,33,24,0.3333333333333333,0.6666666666666666,0.603125
P3Numbers_20150514_m_11_002,33,12,1.0,0.6666666666666666,0.6997635933806147
P3Numbers_20150514_m_12_001,33,10,0.3333333333333333,0.3333333333333333,0.68719646799117
P3Numbers_20150514_m_12_002,33,21,1.0,1.0,0.8225440713919977
P3Numbers_20150514_m_12_003,33,22,1.0,1.0,0.6869565217391305
P3Numbers_20150514_m_13_001,33,20,1.0,1.0,0.6777495769881557
P3Numbers_20150514_m_13_002,33,20,1.0,1.0,0.6530713640469737
P3Numbers_20150514_m_13_003,33,7,1.0,1.0,0.9429153924566768
P3Numbers_20150514_m_13_004,33,21,0.0,0.0,0.43620893620893614
P3Numbers_20150514_m_13_005,33,12,1.0,1.0,0.7529239766081871
P3Numbers_20150514_m_13_006,33,11,0.6666666666666666,1.0,0.670138888888889
P3Numbers_20150514_m_13_007,33,16,1.0,1.0,0.8216157878507554
P3Numbers_20150526_f_13_001,33,26,0.0,0.0,0.6665696687521218
P3Numbers_20150526_f_13_002,33,12,1.0,1.0,0.7833635265700485
P3Numbers_20150526_f_13_003,33,2,0.3333333333333333,1.0,0.8367231638418079
P3Numbers_20150526_f_14_001,33,12,0.0,0.0,0.6348940914158305
P3Numbers_20150526_m_11_001,33,13,1.0,1.0,0.7677315651999196
P3Numbers_20150526_m_12_001,33,24,0.6666666666666666,1.0,0.6914793377305154
P3Numbers_20150526_m_12_002,33,15,1.0,1.0,0.7280168042879906
P3Numbers_20150526_m_12_003,33,7,1.0,1.0,0.708804143126177
P3Numbers_20150526_m_12_004,33,22,1.0,1.0,0.6646102435576119
P3Numbers_20150526_m_13_001,33,13,0.6666666666666666,0.3333333333333333,0.7044444444444444
P3Numbers_20150526_m_13_002,33,23,0.3333333333333333,0.0,0.6226394378568291
P3Numbers_20150526_m_13_003,33,6,1.0,1.0,0.8222468588322247
P3Numbers_20150526_m_13_004,33,8,0.6666666666666666,0.6666666666666666,0.7372372372372373
P3Numbers_20150526_m_13_005,33,23,1.0,0.0,0.665986394557823
P3Numbers_20150526_m_14_001,33,9,1.0,1.0,0.7839059674502713
P3Numbers_20150526_m_14_002,33,10,0.0,0.0,0.7811111111111112
P3Numbers_20150526_m_14_003,33,12,0.6666666666666666,1.0,0.7144674663758633
P3Numbers_20150526_m_14_004,33,21,0.0,0.0,0.4871957671957672
P3Numbers_20150526_m_14_005,33,15,0.0,0.0,0.467347409715011
P3Numbers_20150526_m_14_006,33,18,1.0,0.6666666666666666,0.6342300686562982
P3Numbers_20150618_f_10_001,33,7,1.0,1.0,0.8264497288277012
P3Numbers_20150618_f_11_001,33,14,0.0,0.0,0.5628349004145182
P3Numbers_20150618_f_11_002,33,28,0.3333333333333333,0.6666666666666666,0.5855324723937863
P3Numbers_20150618_f_11_003,33,10,1.0,1.0,0.8754966887417218
P3Numbers_20150618_f_11_004,33,7,0.6666666666666666,1.0,0.7408026755852842
P3Numbers_20150618_f_11_005,33,15,1.0,1.0,0.6833979459974154
P3Numbers_20150618_f_11_006,33,20,0.0,0.0,0.5570484581497798
P3Numbers_20150618_f_11_007,33,3,1.0,0.3333333333333333,0.6862887596899224
P3Numbers_20150618_f_12_001,33,16,0.6666666666666666,0.3333333333333333,0.47311373873873874
P3Numbers_20150618_m_11_001,33,15,0.6666666666666666,0.6666666666666666,0.764573268921095
P3Numbers_20150618_m_11_002,33,16,0.0,0.0,0.5774463631606488
P3Numbers_20150618_m_12_001,33,23,0.0,0.0,0.5446215571459554
P3Numbers_20150618_m_12_002,33,6,0.6666666666666666,0.6666666666666666,0.7864357864357864
P3Numbers_20141023_f_11_001,35,18,1.0,1.0,0.7783524904214559
P3Numbers_20141023_f_11_002,35,6,1.0,1.0,0.8863095238095239
P3Numbers_20141023_f_11_003,35,18,1.0,1.0,0.6211512717536813
P3Numbers_20141023_f_12_001,35,12,0.3333333333333333,0.3333333333333333,0.6288029100529101
P3Numbers_20141023_f_12_002,35,7,1.0,1.0,0.7991933160472486
P3Numbers_20141023_f_13_001,35,6,1.0,1.0,0.9427777777777777
P3Numbers_20141023_f_14_001,35,3,1.0,1.0,0.9910256410256411
P3Numbers_20141023_f_14_002,35,27,0.0,0.0,0.5507955936352509
P3Numbers_20141023_f_14_003,35,20,1.0,1.0,0.6786358173076922
P3Numbers_20141023_f_15_001,35,24,0.0,0.0,0.5929473634784242
P3Numbers_20141023_m_12_001,35,9,1.0,0.3333333333333333,0.7087872185911402
P3Numbers_20141023_m_12_002,35,16,0.0,0.0,0.4815910585141355
P3Numbers_20141023_m_13_001,35,27,1.0,1.0,0.5840024898848428
P3Numbers_20141023_m_14_001,35,18,1.0,1.0,0.6614621157104817
P3Numbers_20141023_m_14_002,35,24,0.6666666666666666,1.0,0.6610665239878722
P3Numbers_20141023_m_15_001,35,28,1.0,0.6666666666666666,0.7163832890929527
P3Numbers_20141023_m_15_002,35,8,0.6666666666666666,1.0,0.7598119008862362
P3Numbers_20141023_m_15_003,35,5,1.0,1.0,0.8757267441860467
P3Numbers_20141124_f_12_001,35,7,1.0,1.0,0.8051215277777778
P3Numbers_20141124_f_12_002,35,15,1.0,1.0,0.8751851851851852
P3Numbers_20141124_f_13_001,35,29,1.0,1.0,0.6623269997654234
P3Numbers_20141124_f_13_002,35,8,1.0,1.0,0.8489795918367347
P3Numbers_20141124_f_14_001,35,18,0.3333333333333333,0.3333333333333333,0.5783162016642193
P3Numbers_20141124_f_14_002,35,10,0.3333333333333333,0.3333333333333333,0.6779371584699453
P3Numbers_20141124_f_14_003,35,4,1.0,1.0,0.9890453834115807
P3Numbers_20141124_f_14_004,35,6,1.0,1.0,0.6395282750781472
P3Numbers_20141124_f_15_001,35,22,1.0,1.0,0.8071835571835573
P3Numbers_20141124_f_17_001,35,8,0.3333333333333333,0.3333333333333333,0.8479609929078015
P3Numbers_20141124_f_17_002,35,32,0.6666666666666666,0.6666666666666666,0.7040625
P3Numbers_20141124_m_12_001,35,10,1.0,1.0,0.8092261904761905
P3Numbers_20141124_m_12_002,35,14,0.6666666666666666,1.0,0.7653383934218848
P3Numbers_20141124_m_13_001,35,23,1.0,1.0,0.7532603890362511
P3Numbers_20141124_m_14_001,35,11,1.0,0.6666666666666666,0.6654835847382431
P3Numbers_20141124_m_14_002,35,13,0.6666666666666666,1.0,0.7105654761904763
P3Numbers_20141124_m_14_004,35,25,1.0,1.0,0.716881649562188
P3Numbers_20141124_m_15_001,35,10,1.0,1.0,0.7479578392621872
P3Numbers_20141124_m_17_001,35,18,0.6666666666666666,1.0,0.7093093093093094
P3Numbers_20141204_f_10_001,35,28,1.0,1.0,0.7165973750713296
P3Numbers_20141204_f_11_001,35,9,1.0,1.0,0.8381370091896407
P3Numbers_20141204_f_11_002,35,21,1.0,1.0,0.6793650793650793
P3Numbers_20141204_f_11_003,35,11,0.3333333333333333,0.6666666666666666,0.6637569832402236
P3Numbers_20141204_f_11_004,35,12,1.0,0.6666666666666666,0.6840367499282228
P3Numbers_20141204_f_11_005,35,28,0.3333333333333333,0.3333333333333333,0.5974379397318467
P3Numbers_20141204_f_11_006,35,18,1.0,0.3333333333333333,0.6521043771043772
P3Numbers_20141204_f_12_001,35,20,0.0,0.0,0.5409237379162191
P3Numbers_20141204_f_12_002,35,17,1.0,1.0,0.7397962055959016
P3Numbers_20141204_f_12_003,35,19,0.6666666666666666,0.6666666666666666,0.6562875559925708
P3Numbers_20141204_f_13_001,35,14,1.0,1.0,0.9198232323232324
P3Numbers_20141204_f_13_002,35,14,0.3333333333333333,0.6666666666666666,0.6079189686924492
P3Numbers_20141204_f_14_001,35,25,0.3333333333333333,1.0,0.6304510155316607
P3Numbers_20141204_f_14_002,35,12,0.6666666666666666,1.0,0.6904761904761904
P3Numbers_20141204_f_15_001,35,4,0.0,0.0,0.6237037037037036
P3Numbers_20141204_m_08_001,35,21,0.0,0.3333333333333333,0.5209271771771772
P3Numbers_20141204_m_11_001,35,34,0.0,0.0,0.5666201198580322
P3Numbers_20141204_m_11_002,35,15,0.3333333333333333,0.6666666666666666,0.5249665801682787
P3Numbers_20141204_m_12_001,35,3,0.0,1.0,0.6579457364341085
P3Numbers_20141204_m_12_002,35,4,1.0,1.0,0.9161616161616162
P3Numbers_20141204_m_13_001,35,18,1.0,1.0,0.6876596424010217
P3Numbers_20141204_m_14_001,35,20,0.0,0.0,0.5670995670995671
P3Numbers_20141204_m_14_002,35,25,0.6666666666666666,0.3333333333333333,0.6636040532365396
P3Numbers_20150107_f_13_001,35,20,1.0,0.3333333333333333,0.7804774083546461
P3Numbers_20150107_f_14_001,35,16,1.0,1.0,0.8666339387988873
P3Numbers_20150107_f_14_003,35,9,1.0,0.6666666666666666,0.9204670632297862
P3Numbers_20150107_f_14_004,35,9,1.0,0.6666666666666666,0.7006381381381382
P3Numbers_20150107_f_14_005,35,12,1.0,1.0,0.7116114561766734
P3Numbers_20150107_f_14_006,35,20,0.0,0.0,0.43827664399092975
P3Numbers_20150107_f_14_007,35,9,1.0,1.0,0.7598662207357859
P3Numbers_20150107_f_15_001,35,14,0.3333333333333333,0.3333333333333333,0.6903174603174603
P3Numbers_20150107_m_14_001,35,11,1.0,1.0,0.8750992063492063
P3Numbers_20150107_m_14_002,35,14,0.0,0.0,0.5860315483603155
P3Numbers_20150107_m_14_003,35,6,0.3333333333333333,1.0,0.7962962962962963
P3Numbers_20150107_m_14_004,35,24,1.0,1.0,0.6630394857667585
P3Numbers_20150107_m_14_005,35,9,1.0,1.0,0.6620795107033639
P3Numbers_20150107_m_15_001,35,17,0.3333333333333333,1.0,0.6981158804363226
P3Numbers_20150126_f_09_001,35,13,1.0,1.0,0.8614309210526315
P3Numbers_20150126_f_09_002,35,4,0.6666666666666666,1.0,0.7119482496194826
P3Numbers_20150126_f_10_001,35,15,1.0,1.0,0.8375634517766497
P3Numbers_20150126_f_11_001,35,26,1.0,1.0,0.6060367454068242
P3Numbers_20150126_f_12_001,35,30,1.0,1.0,0.696741329983951
P3Numbers_20150126_f_12_002,35,19,0.6666666666666666,1.0,0.7870910698496904
P3Numbers_20150126_f_12_003,35,4,1.0,1.0,0.8300653594771242
P3Numbers_20150126_f_12_004,35,21,0.6666666666666666,0.6666666666666666,0.6015941730227444
P3Numbers_20150126_f_13_001,35,25,0.3333333333333333,0.6666666666666666,0.5519726247987118
P3Numbers_20150126_f_14_001,35,14,0.6666666666666666,1.0,0.754109977324263
P3Numbers_20150126_m_07_001,35,17,0.3333333333333333,0.6666666666666666,0.5638760880696365
P3Numbers_20150126_m_09_001,35,24,0.3333333333333333,0.0,0.4835225318197454
P3Numbers_20150126_m_12_001,35,6,0.3333333333333333,0.0,0.5515436944008372
P3Numbers_20150126_m_12_002,35,16,0.6666666666666666,0.3333333333333333,0.6145326278659612
P3Numbers_20150126_m_12_003,35,13,0.0,0.6666666666666666,0.5370370370370371
P3Numbers_20150126_m_12_004,35,14,1.0,1.0,0.6581536760641238
P3Numbers_20150126_m_13_001,35,14,1.0,1.0,0.6640070921985816
P3Numbers_20150126_m_13_002,35,22,0.6666666666666666,0.6666666666666666,0.6682313749242882
P3Numbers_20150126_m_15_001,35,14,1.0,1.0,0.7902923976608186
P3Numbers_20150126_m_15_002,35,12,0.3333333333333333,0.0,0.5564270152505447
P3Numbers_20150126_m_15_003,35,19,0.3333333333333333,0.3333333333333333,0.5843621399176956
P3Numbers_20150126_m_15_004,35,13,0.0,0.0,0.5768088763869353
P3Numbers_20150203_m_15_001,35,25,1.0,1.0,0.7082813150228882
P3Numbers_20150203_m_16_001,35,26,1.0,0.0,0.5804988662131519
P3Numbers_20150203_m_17_001,35,18,0.0,0.0,0.49424435028248587
P3Numbers_20150203_m_17_002,35,21,0.0,0.0,0.5411353352529823
P3Numbers_20150203_m_17_003,35,25,0.6666666666666666,1.0,0.6625450180072029
P3Numbers_20150203_m_17_004,35,28,1.0,1.0,0.6587878787878788
P3Numbers_20150203_m_17_005,35,15,1.0,1.0,0.8238171185539608
P3Numbers_20150203_m_17_006,35,29,0.0,0.0,0.5694581280788177
P3Numbers_20150204_f_11_001,35,23,1.0,1.0,0.752161734258921
P3Numbers_20150204_f_11_002,35,13,0.3333333333333333,1.0,0.6451178451178451
P3Numbers_20150204_f_12_001,35,11,1.0,1.0,0.7739057239057239
P3Numbers_20150204_f_12_002,35,16,1.0,1.0,0.8707767328456985
P3Numbers_20150204_f_12_003,35,10,1.0,1.0,0.8316854990583805
P3Numbers_20150204_f_13_001,35,9,1.0,0.0,0.8132843587389043
P3Numbers_20150204_f_13_002,35,22,0.0,0.0,0.5256045519203414
P3Numbers_20150204_f_13_003,35,15,1.0,1.0,0.6620370370370371
P3Numbers_20150204_m_12_001,35,34,0.0,0.0,0.6205635082935695
P3Numbers_20150204_m_12_002,35,19,0.6666666666666666,0.6666666666666666,0.685288640595903
P3Numbers_20150204_m_12_003,35,32,0.0,0.0,0.4247387669801463
P3Numbers_20150204_m_12_004,35,24,0.3333333333333333,1.0,0.6518985414573246
P3Numbers_20150204_m_12_005,35,23,1.0,1.0,0.8329124579124579
P3Numbers_20150204_m_12_006,35,23,0.0,0.3333333333333333,0.5028322440087146
P3Numbers_20150204_m_13_001,35,18,1.0,0.6666666666666666,0.6659863945578232
P3Numbers_20150204_m_13_002,35,7,0.0,1.0,0.6898774983881366
P3Numbers_20150204_m_13_003,35,23,0.6666666666666666,0.6666666666666666,0.585858585858586
P3Numbers_20150204_m_13_004,35,28,0.0,0.0,0.6210056390977444
P3Numbers_20150204_m_13_005,35,7,0.0,0.0,0.4956538170823885
P3Numbers_20150204_m_14_001,35,22,1.0,1.0,0.7430710565476191
P3Numbers_20150224_f_09_001,35,28,0.6666666666666666,1.0,0.6715978430537817
P3Numbers_20150224_f_10_001,35,23,0.3333333333333333,0.3333333333333333,0.5755074938341872
P3Numbers_20150224_f_11_001,35,27,1.0,1.0,0.6637254901960784
P3Numbers_20150224_f_11_002,35,10,0.0,0.0,0.5540965207631874
P3Numbers_20150224_f_14_001,35,23,0.0,0.0,0.5356827415650945
P3Numbers_20150224_f_15_001,35,14,1.0,1.0,0.7412736477484678
P3Numbers_20150224_m_11_001,35,13,1.0,0.6666666666666666,0.7556089743589745
P3Numbers_20150224_m_11_002,35,19,1.0,1.0,0.652014652014652
P3Numbers_20150224_m_11_003,35,22,1.0,1.0,0.6709321120689656
P3Numbers_20150224_m_11_004,35,31,0.0,0.0,0.5140037997180854
P3Numbers_20150224_m_12_001,35,17,1.0,1.0,0.6752873563218391
P3Numbers_20150224_m_12_002,35,3,1.0,1.0,0.8251028806584362
P3Numbers_20150224_m_12_003,35,18,0.0,0.3333333333333333,0.5687984496124031
P3Numbers_20150224_m_13_001,35,22,0.0,0.0,0.4562375019227811
P3Numbers_20150224_m_13_002,35,13,1.0,1.0,0.7886957813428402
P3Numbers_20150224_m_14_001,35,34,0.3333333333333333,0.0,0.6342051282051282
P3Numbers_20150224_m_15_001,35,30,0.0,0.0,0.48470588235294115
P3Numbers_20150224_m_15_002,35,24,0.0,0.0,0.5298540468819107
P3Numbers_20150224_m_15_003,35,13,0.0,0.0,0.43095329005981925
P3Numbers_20150224_m_15_004,35,18,0.3333333333333333,0.6666666666666666,0.6316867744138402
P3Numbers_20150314_m_12_001,35,17,1.0,1.0,0.6467171717171717
P3Numbers_20150326_f_13_001,35,5,1.0,1.0,0.9609375
P3Numbers_20150326_f_13_002,35,20,0.0,1.0,0.6729166666666666
P3Numbers_20150326_f_15_001,35,27,0.6666666666666666,0.3333333333333333,0.6570145903479236
P3Numbers_20150326_m_14_001,35,18,1.0,1.0,0.8205937353903693
P3Numbers_20150326_m_14_002,35,14,1.0,1.0,0.7668787557440792
P3Numbers_20150326_m_15_001,35,21,1.0,1.0,0.7589408099688474
P3Numbers_20150326_m_15_002,35,26,1.0,1.0,0.6274266831887649
P3Numbers_20150326_m_15_003,35,24,0.0,0.0,0.545067049808429
P3Numbers_20150326_m_15_004,35,23,0.0,0.0,0.5041952707856597
P3Numbers_20150326_m_16_001,35,13,1.0,1.0,0.846725618351916
P3Numbers_20150414_f_11_001,35,27,1.0,1.0,0.7985976005188068
P3Numbers_20150414_f_11_002,35,9,1.0,1.0,0.8146788990825687
P3Numbers_20150414_f_12_001,35,14,1.0,1.0,0.9090587402689314
P3Numbers_20150414_f_13_001,35,13,1.0,1.0,0.8366329966329967
P3Numbers_20150414_f_13_002,35,14,1.0,1.0,0.8809460300524584
P3Numbers_20150414_f_13_003,35,24,0.0,0.0,0.4346264367816092
P3Numbers_20150414_f_13_004,35,10,0.0,0.6666666666666666,0.6356209150326797
P3Numbers_20150414_f_14_001,35,22,1.0,1.0,0.8282387190684134
P3Numbers_20150414_f_14_002,35,9,1.0,1.0,0.8365695792880258
P3Numbers_20150414_f_14_003,35,16,0.0,0.0,0.650961145194274
P3Numbers_20150414_f_14_004,35,20,1.0,1.0,0.7426503094606542
P3Numbers_20150414_f_15_001,35,18,1.0,1.0,0.7182700993676603
P3Numbers_20150414_f_15_002,35,12,0.6666666666666666,0.3333333333333333,0.7384772090654445
P3Numbers_20150414_f_15_003,35,6,1.0,1.0,0.8825031928480204
P3Numbers_20150414_f_15_004,35,10,0.6666666666666666,0.6666666666666666,0.686936936936937
P3Numbers_20150414_m_13_001,35,8,0.6666666666666666,1.0,0.7427101200686105
P3Numbers_20150414_m_13_002,35,9,1.0,1.0,0.7141145458902468
P3Numbers_20150414_m_13_003,35,23,0.0,0.0,0.4921497584541063
P3Numbers_20150414_m_13_004,35,4,1.0,1.0,0.8821052631578947
P3Numbers_20150414_m_14_001,35,4,1.0,1.0,0.9020270270270269
P3Numbers_20150414_m_14_003,35,4,1.0,1.0,0.9417989417989417
P3Numbers_20150414_m_15_001,35,23,0.6666666666666666,1.0,0.6522262334536703
P3Numbers_20150507_f_14_001,35,24,0.0,0.0,0.5234227264913186
P3Numbers_20150507_f_14_002,35,7,1.0,1.0,0.7436224489795918
P3Numbers_20150507_f_14_003,35,8,0.3333333333333333,1.0,0.6785714285714285
P3Numbers_20150507_f_14_004,35,14,1.0,0.6666666666666666,0.7375393277032621
P3Numbers_20150507_f_14_005,35,9,0.0,0.0,0.3278023598820059
P3Numbers_20150507_m_13_001,35,11,1.0,1.0,0.8141995816414421
P3Numbers_20150507_m_14_001,35,3,0.6666666666666666,0.3333333333333333,0.7486631016042781
P3Numbers_20150507_m_14_002,35,23,0.3333333333333333,0.3333333333333333,0.6398183281591353
P3Numbers_20150507_m_14_003,35,24,0.6666666666666666,0.6666666666666666,0.6227053140096619
P3Numbers_20150507_m_14_004,35,9,0.0,0.0,0.48268238761974946
P3Numbers_20150507_m_14_005,35,22,1.0,1.0,0.6599353090305097
P3Numbers_20150507_m_14_006,35,6,1.0,1.0,0.9162280701754386
P3Numbers_20150507_m_14_007,35,8,1.0,1.0,0.79110418830045
P3Numbers_20150507_m_15_001,35,29,0.3333333333333333,0.3333333333333333,0.6244072683130383
P3Numbers_20150507_m_16_001,35,9,0.6666666666666666,0.6666666666666666,0.8084702907711757
P3Numbers_20150514_f_09_001,35,15,0.6666666666666666,0.6666666666666666,0.6141927752097244
P3Numbers_20150514_f_09_002,35,11,1.0,1.0,0.6658869395711501
P3Numbers_20150514_f_10_001,35,18,0.3333333333333333,0.3333333333333333,0.609377990430622
P3Numbers_20150514_f_10_002,35,15,1.0,1.0,0.7921106037544394
P3Numbers_20150514_f_10_003,35,5,1.0,1.0,0.9722222222222222
P3Numbers_20150514_m_09_001,35,3,1.0,1.0,0.8154320987654321
P3Numbers_20150514_m_10_001,35,31,1.0,1.0,0.6663740765123253
P3Numbers_20150514_m_10_002,35,19,0.0,0.0,0.5533417668142526
P3Numbers_20150514_m_11_001,35,24,0.6666666666666666,0.6666666666666666,0.6240017361111111
P3Numbers_20150514_m_11_002,35,12,1.0,1.0,0.7323232323232324
P3Numbers_20150514_m_12_001,35,10,1.0,0.0,0.7258278145695365
P3Numbers_20150514_m_12_002,35,21,0.6666666666666666,0.6666666666666666,0.7512252212713042
P3Numbers_20150514_m_12_003,35,22,1.0,1.0,0.7005434782608696
P3Numbers_20150514_m_13_001,35,20,1.0,0.6666666666666666,0.6847715736040608
P3Numbers_20150514_m_13_002,35,20,1.0,1.0,0.6827913279132792
P3Numbers_20150514_m_13_003,35,7,1.0,1.0,0.9442745497791369
P3Numbers_20150514_m_13_004,35,21,0.0,0.0,0.41668941668941667
P3Numbers_20150514_m_13_005,35,12,1.0,1.0,0.7565124933545987
P3Numbers_20150514_m_13_006,35,11,0.3333333333333333,1.0,0.713450292397661
P3Numbers_20150514_m_13_007,35,16,1.0,1.0,0.8432007400555043
P3Numbers_20150526_f_13_001,35,26,0.0,0.0,0.6747659925311605
P3Numbers_20150526_f_13_002,35,12,1.0,1.0,0.7817028985507246
P3Numbers_20150526_f_13_003,35,2,0.3333333333333333,1.0,0.8338983050847458
P3Numbers_20150526_f_14_001,35,12,0.6666666666666666,0.3333333333333333,0.6865477517651432
P3Numbers_20150526_m_11_001,35,13,1.0,1.0,0.7704440425959413
P3Numbers_20150526_m_12_001,35,24,0.3333333333333333,0.6666666666666666,0.6486741149549063
P3Numbers_20150526_m_12_002,35,15,1.0,1.0,0.7428654208315225
P3Numbers_20150526_m_12_003,35,7,1.0,1.0,0.7391713747645952
P3Numbers_20150526_m_12_004,35,22,1.0,1.0,0.6503759398496239
P3Numbers_20150526_m_13_001,35,13,1.0,1.0,0.7417460317460317
P3Numbers_20150526_m_13_002,35,23,0.6666666666666666,0.3333333333333333,0.6903271848924023
P3Numbers_20150526_m_13_003,35,6,0.6666666666666666,1.0,0.7978566149297857
P3Numbers_20150526_m_13_004,35,8,0.3333333333333333,0.6666666666666666,0.7269412269412269
P3Numbers_20150526_m_13_005,35,23,1.0,0.0,0.6766817838246411
P3Numbers_20150526_m_14_001,35,9,1.0,1.0,0.7815953385573639
P3Numbers_20150526_m_14_002,35,10,0.6666666666666666,0.3333333333333333,0.855
P3Numbers_20150526_m_14_003,35,12,1.0,1.0,0.7313704107597238
P3Numbers_20150526_m_14_004,35,21,0.0,0.0,0.5165608465608466
P3Numbers_20150526_m_14_005,35,15,0.0,0.0,0.4921541479173878
P3Numbers_20150526_m_14_006,35,18,1.0,1.0,0.6676474709261594
P3Numbers_20150618_f_10_001,35,7,1.0,1.0,0.8460575719649562
P3Numbers_20150618_f_11_001,35,14,0.3333333333333333,0.0,0.556667677686786
P3Numbers_20150618_f_11_002,35,28,0.3333333333333333,0.3333333333333333,0.5449809719882712
P3Numbers_20150618_f_11_003,35,10,1.0,1.0,0.8954746136865342
P3Numbers_20150618_f_11_004,35,7,1.0,1.0,0.7045707915273133
P3Numbers_20150618_f_11_005,35,15,1.0,1.0,0.6982928654016187
P3Numbers_20150618_f_11_006,35,20,0.6666666666666666,0.3333333333333333,0.6209251101321586
P3Numbers_20150618_f_11_007,35,3,1.0,1.0,0.71390503875969
P3Numbers_20150618_f_12_001,35,16,0.6666666666666666,0.6666666666666666,0.45129504504504503
P3Numbers_20150618_m_11_001,35,15,1.0,1.0,0.7998926462694579
P3Numbers_20150618_m_11_002,35,16,0.3333333333333333,0.3333333333333333,0.5806514913657771
P3Numbers_20150618_m_12_001,35,23,0.6666666666666666,0.6666666666666666,0.5879418781175451
P3Numbers_20150618_m_12_002,35,6,1.0,1.0,0.8470418470418472
P3Numbers_20141023_f_11_001,65,18,1.0,1.0,0.7700191570881226
P3Numbers_20141023_f_11_002,65,6,1.0,1.0,0.8928571428571428
P3Numbers_20141023_f_11_003,65,18,1.0,1.0,0.6020749665327978
P3Numbers_20141023_f_12_001,65,12,0.6666666666666666,1.0,0.6956018518518517
P3Numbers_20141023_f_12_002,65,7,1.0,1.0,0.7885335638144627
P3Numbers_20141023_f_13_001,65,6,1.0,1.0,0.9550000000000001
P3Numbers_20141023_f_14_001,65,3,1.0,1.0,0.9923076923076923
P3Numbers_20141023_f_14_002,65,27,0.0,0.3333333333333333,0.5567523459812321
P3Numbers_20141023_f_14_003,65,20,1.0,1.0,0.6627604166666666
P3Numbers_20141023_f_15_001,65,24,0.0,0.6666666666666666,0.6025261773958773
P3Numbers_20141023_m_12_001,65,9,1.0,1.0,0.7265795206971677
P3Numbers_20141023_m_12_002,65,16,0.0,0.0,0.4759204470742932
P3Numbers_20141023_m_13_001,65,27,1.0,1.0,0.5711484593837535
P3Numbers_20141023_m_14_001,65,18,0.6666666666666666,1.0,0.6591624304042605
P3Numbers_20141023_m_14_002,65,24,0.6666666666666666,0.6666666666666666,0.6186552523631175
P3Numbers_20141023_m_15_001,65,28,1.0,1.0,0.704043809933759
P3Numbers_20141023_m_15_002,65,8,0.3333333333333333,1.0,0.7240007234581297
P3Numbers_20141023_m_15_003,65,5,1.0,1.0,0.868217054263566
P3Numbers_20141124_f_12_001,65,7,1.0,1.0,0.8576388888888888
P3Numbers_20141124_f_12_002,65,15,1.0,1.0,0.865925925925926
P3Numbers_20141124_f_13_001,65,29,1.0,1.0,0.6780436312456016
P3Numbers_20141124_f_13_002,65,8,1.0,1.0,0.8283446712018141
P3Numbers_20141124_f_14_001,65,18,0.6666666666666666,0.3333333333333333,0.651737640724425
P3Numbers_20141124_f_14_002,65,10,0.6666666666666666,0.3333333333333333,0.6793032786885246
P3Numbers_20141124_f_14_003,65,4,1.0,1.0,0.9869587897756912
P3Numbers_20141124_f_14_004,65,6,1.0,1.0,0.6301506109690252
P3Numbers_20141124_f_15_001,65,22,1.0,1.0,0.7574277574277574
P3Numbers_20141124_f_17_001,65,8,1.0,0.6666666666666666,0.8226950354609928
P3Numbers_20141124_f_17_002,65,32,0.3333333333333333,0.3333333333333333,0.6442708333333332
P3Numbers_20141124_m_12_001,65,10,1.0,1.0,0.7931547619047619
P3Numbers_20141124_m_12_002,65,14,1.0,1.0,0.783428209993675
P3Numbers_20141124_m_13_001,65,23,1.0,1.0,0.7341954022988507
P3Numbers_20141124_m_14_001,65,11,1.0,1.0,0.6649906339347332
P3Numbers_20141124_m_14_002,65,13,0.6666666666666666,0.6666666666666666,0.674702380952381
P3Numbers_20141124_m_14_004,65,25,1.0,1.0,0.7325110629884191
P3Numbers_20141124_m_15_001,65,10,1.0,1.0,0.7188405797101449
P3Numbers_20141124_m_17_001,65,18,0.3333333333333333,0.3333333333333333,0.6837837837837838
P3Numbers_20141204_f_10_001,65,28,1.0,1.0,0.7038395695769136
P3Numbers_20141204_f_11_001,65,9,1.0,1.0,0.8477443609022557
P3Numbers_20141204_f_11_002,65,21,1.0,1.0,0.6757547463429817
P3Numbers_20141204_f_11_003,65,11,0.3333333333333333,0.6666666666666666,0.6655027932960894
P3Numbers_20141204_f_11_004,65,12,1.0,0.6666666666666666,0.6603502727533735
P3Numbers_20141204_f_11_005,65,28,0.3333333333333333,0.3333333333333333,0.5903358555688305
P3Numbers_20141204_f_11_006,65,18,1.0,0.3333333333333333,0.6662457912457912
P3Numbers_20141204_f_12_001,65,20,0.6666666666666666,0.0,0.5706766917293232
P3Numbers_20141204_f_12_002,65,17,1.0,1.0,0.7711535213646344
P3Numbers_20141204_f_12_003,65,19,0.3333333333333333,0.3333333333333333,0.5988746858953348
P3Numbers_20141204_f_13_001,65,14,1.0,1.0,0.8811553030303031
P3Numbers_20141204_f_13_002,65,14,0.0,0.0,0.5887661141804789
P3Numbers_20141204_f_14_001,65,25,0.3333333333333333,1.0,0.6369847670250895
P3Numbers_20141204_f_14_002,65,12,1.0,0.6666666666666666,0.6978458049886621
P3Numbers_20141204_f_15_001,65,4,0.0,0.0,0.5948148148148148
P3Numbers_20141204_m_08_001,65,21,0.0,0.0,0.5120120120120121
P3Numbers_20141204_m_11_001,65,34,0.6666666666666666,0.3333333333333333,0.5558561703613196
P3Numbers_20141204_m_11_002,65,15,0.6666666666666666,0.3333333333333333,0.5051505858299913
P3Numbers_20141204_m_12_001,65,3,0.0,1.0,0.623546511627907
P3Numbers_20141204_m_12_002,65,4,1.0,1.0,0.9045454545454547
P3Numbers_20141204_m_13_001,65,18,1.0,1.0,0.6877394636015325
P3Numbers_20141204_m_14_001,65,20,0.0,0.0,0.5206349206349207
P3Numbers_20141204_m_14_002,65,25,0.6666666666666666,0.3333333333333333,0.6376285541439807
P3Numbers_20150107_f_13_001,65,20,1.0,0.0,0.7789144643364591
P3Numbers_20150107_f_14_001,65,16,1.0,1.0,0.8377515954835543
P3Numbers_20150107_f_14_003,65,9,1.0,0.6666666666666666,0.9043842256003525
P3Numbers_20150107_f_14_004,65,9,1.0,0.6666666666666666,0.71753003003003
P3Numbers_20150107_f_14_005,65,12,1.0,1.0,0.7039337474120083
P3Numbers_20150107_f_14_006,65,20,0.0,0.0,0.41274376417233555
P3Numbers_20150107_f_14_007,65,9,1.0,1.0,0.7217391304347825
P3Numbers_20150107_f_15_001,65,14,0.6666666666666666,0.6666666666666666,0.7023809523809524
P3Numbers_20150107_m_14_001,65,11,1.0,1.0,0.8674603174603175
P3Numbers_20150107_m_14_002,65,14,0.3333333333333333,0.3333333333333333,0.5773142382731424
P3Numbers_20150107_m_14_003,65,6,0.6666666666666666,1.0,0.8055555555555557
P3Numbers_20150107_m_14_004,65,24,1.0,1.0,0.6660697887970616
P3Numbers_20150107_m_14_005,65,9,0.3333333333333333,0.6666666666666666,0.6151157710790738
P3Numbers_20150107_m_15_001,65,17,0.3333333333333333,0.6666666666666666,0.6489587760305991
P3Numbers_20150126_f_09_001,65,13,1.0,1.0,0.8353892543859649
P3Numbers_20150126_f_09_002,65,4,1.0,1.0,0.6990106544901066
P3Numbers_20150126_f_10_001,65,15,1.0,1.0,0.8183242464122329
P3Numbers_20150126_f_11_001,65,26,1.0,1.0,0.6038495188101488
P3Numbers_20150126_f_12_001,65,30,1.0,1.0,0.6899378968669319
P3Numbers_20150126_f_12_002,65,19,1.0,1.0,0.7884468022399056
P3Numbers_20150126_f_12_003,65,4,1.0,1.0,0.8342245989304812
P3Numbers_20150126_f_12_004,65,21,1.0,0.6666666666666666,0.5668247096818525
P3Numbers_20150126_f_13_001,65,25,0.3333333333333333,0.3333333333333333,0.5488727858293075
P3Numbers_20150126_f_14_001,65,14,0.6666666666666666,1.0,0.729875283446712
P3Numbers_20150126_m_07_001,65,17,0.3333333333333333,0.3333333333333333,0.5673323092677932
P3Numbers_20150126_m_09_001,65,24,0.6666666666666666,0.0,0.5308221534227725
P3Numbers_20150126_m_12_001,65,6,0.3333333333333333,0.0,0.5902668759811617
P3Numbers_20150126_m_12_002,65,16,0.3333333333333333,0.0,0.615026455026455
P3Numbers_20150126_m_12_003,65,13,0.0,1.0,0.5766363848124855
P3Numbers_20150126_m_12_004,65,14,1.0,1.0,0.629297954671089
P3Numbers_20150126_m_13_001,65,14,0.6666666666666666,1.0,0.6530240346729709
P3Numbers_20150126_m_13_002,65,22,0.6666666666666666,0.6666666666666666,0.6060973147587321
P3Numbers_20150126_m_15_001,65,14,1.0,1.0,0.7709941520467836
P3Numbers_20150126_m_15_002,65,12,0.3333333333333333,0.0,0.5293028322440088
P3Numbers_20150126_m_15_003,65,19,0.0,0.0,0.5653347493251913
P3Numbers_20150126_m_15_004,65,13,0.0,0.0,0.5746210345366464
P3Numbers_20150203_m_15_001,65,25,1.0,1.0,0.720294076848384
P3Numbers_20150203_m_16_001,65,26,0.0,0.0,0.5524817334341142
P3Numbers_20150203_m_17_001,65,18,0.0,0.0,0.4784251412429379
P3Numbers_20150203_m_17_002,65,21,0.0,0.0,0.5376388317564788
P3Numbers_20150203_m_17_003,65,25,0.6666666666666666,1.0,0.6669067627050821
P3Numbers_20150203_m_17_004,65,28,1.0,1.0,0.7047348484848485
P3Numbers_20150203_m_17_005,65,15,1.0,1.0,0.8206273258904838
P3Numbers_20150203_m_17_006,65,29,0.0,0.0,0.5597153804050355
P3Numbers_20150204_f_11_001,65,23,1.0,1.0,0.7398611618560468
P3Numbers_20150204_f_11_002,65,13,0.6666666666666666,0.6666666666666666,0.6421548821548821
P3Numbers_20150204_f_12_001,65,11,1.0,1.0,0.7895622895622895
P3Numbers_20150204_f_12_002,65,16,1.0,1.0,0.8574538488331592
P3Numbers_20150204_f_12_003,65,10,1.0,1.0,0.8702919020715632
P3Numbers_20150204_f_13_001,65,9,1.0,0.0,0.773492500765228
P3Numbers_20150204_f_13_002,65,22,0.0,0.0,0.5111032084716296
P3Numbers_20150204_f_13_003,65,15,0.6666666666666666,1.0,0.6507048092868989
P3Numbers_20150204_m_12_001,65,34,0.3333333333333333,0.3333333333333333,0.624994319472847
P3Numbers_20150204_m_12_002,65,19,0.6666666666666666,0.6666666666666666,0.6720670391061452
P3Numbers_20150204_m_12_003,65,32,0.0,0.0,0.4200626959247649
P3Numbers_20150204_m_12_004,65,24,0.3333333333333333,0.6666666666666666,0.611400383666758
P3Numbers_20150204_m_12_005,65,23,1.0,1.0,0.7874579124579125
P3Numbers_20150204_m_12_006,65,23,0.0,0.0,0.5085403050108933
P3Numbers_20150204_m_13_001,65,18,0.6666666666666666,1.0,0.658248299319728
P3Numbers_20150204_m_13_002,65,7,1.0,1.0,0.7720825274016763
P3Numbers_20150204_m_13_003,65,23,0.0,1.0,0.5788623944361649
P3Numbers_20150204_m_13_004,65,28,0.0,0.0,0.6175595238095238
P3Numbers_20150204_m_13_005,65,7,0.0,0.0,0.49074074074074076
P3Numbers_20150204_m_14_001,65,22,0.6666666666666666,0.6666666666666666,0.6854538690476191
P3Numbers_20150224_f_09_001,65,28,0.3333333333333333,1.0,0.668759755924507
P3Numbers_20150224_f_10_001,65,23,1.0,0.6666666666666666,0.5997438816163916
P3Numbers_20150224_f_11_001,65,27,1.0,1.0,0.6644914215686274
P3Numbers_20150224_f_11_002,65,10,0.0,0.6666666666666666,0.5425364758698091
P3Numbers_20150224_f_14_001,65,23,0.0,0.0,0.5032679738562091
P3Numbers_20150224_f_15_001,65,14,1.0,1.0,0.7340794031441513
P3Numbers_20150224_m_11_001,65,13,1.0,0.6666666666666666,0.724198717948718
P3Numbers_20150224_m_11_002,65,19,1.0,1.0,0.6774358974358975
P3Numbers_20150224_m_11_003,65,22,0.6666666666666666,0.6666666666666666,0.6870510057471263
P3Numbers_20150224_m_11_004,65,31,0.0,0.0,0.5187534473248759
P3Numbers_20150224_m_12_001,65,17,0.6666666666666666,0.6666666666666666,0.6658829676071055
P3Numbers_20150224_m_12_002,65,3,0.3333333333333333,1.0,0.8072702331961591
P3Numbers_20150224_m_12_003,65,18,0.0,0.0,0.5580749354005168
P3Numbers_20150224_m_13_001,65,22,0.0,0.0,0.4393170281495155
P3Numbers_20150224_m_13_002,65,13,1.0,1.0,0.7536393345216874
P3Numbers_20150224_m_14_001,65,34,0.3333333333333333,0.0,0.6312820512820513
P3Numbers_20150224_m_15_001,65,30,0.0,0.0,0.4619964349376114
P3Numbers_20150224_m_15_002,65,24,0.0,0.0,0.5281217750257997
P3Numbers_20150224_m_15_003,65,13,0.0,0.0,0.43839887997963595
P3Numbers_20150224_m_15_004,65,18,0.3333333333333333,0.6666666666666666,0.6328249487821535
P3Numbers_20150314_m_12_001,65,17,1.0,0.6666666666666666,0.6436237373737373
P3Numbers_20150326_f_13_001,65,5,1.0,1.0,0.9270833333333334
P3Numbers_20150326_f_13_002,65,20,0.0,0.6666666666666666,0.6444047619047619
P3Numbers_20150326_f_15_001,65,27,0.6666666666666666,0.6666666666666666,0.6892929292929292
P3Numbers_20150326_m_14_001,65,18,1.0,1.0,0.8087891538101916
P3Numbers_20150326_m_14_002,65,14,1.0,1.0,0.7201307882644045
P3Numbers_20150326_m_15_001,65,21,1.0,1.0,0.7294080996884734
P3Numbers_20150326_m_15_002,65,26,1.0,1.0,0.6271168938455184
P3Numbers_20150326_m_15_003,65,24,0.0,0.3333333333333333,0.5489463601532568
P3Numbers_20150326_m_15_004,65,23,0.0,0.0,0.4993643529112637
P3Numbers_20150326_m_16_001,65,13,1.0,1.0,0.8332692554145842
P3Numbers_20150414_f_11_001,65,27,1.0,1.0,0.7823848897535668
P3Numbers_20150414_f_11_002,65,9,1.0,1.0,0.820998980632008
P3Numbers_20150414_f_12_001,65,14,1.0,1.0,0.8899504600141542
P3Numbers_20150414_f_13_001,65,13,1.0,1.0,0.8312457912457912
P3Numbers_20150414_f_13_002,65,14,1.0,1.0,0.8861918733884591
P3Numbers_20150414_f_13_003,65,24,0.0,0.0,0.4214901477832513
P3Numbers_20150414_f_13_004,65,10,0.0,0.0,0.6263616557734205
P3Numbers_20150414_f_14_001,65,22,1.0,1.0,0.7913634158175643
P3Numbers_20150414_f_14_002,65,9,1.0,1.0,0.8047464940668824
P3Numbers_20150414_f_14_003,65,16,0.0,0.0,0.659959100204499
P3Numbers_20150414_f_14_004,65,20,1.0,1.0,0.7352453580901855
P3Numbers_20150414_f_15_001,65,18,1.0,1.0,0.7172538392050587
P3Numbers_20150414_f_15_002,65,12,1.0,0.3333333333333333,0.7377132671250317
P3Numbers_20150414_f_15_003,65,6,1.0,1.0,0.871264367816092
P3Numbers_20150414_f_15_004,65,10,1.0,1.0,0.7408033033033034
P3Numbers_20150414_m_13_001,65,8,0.3333333333333333,1.0,0.7913093196112064
P3Numbers_20150414_m_13_002,65,9,1.0,1.0,0.7246585190510424
P3Numbers_20150414_m_13_003,65,23,0.0,0.0,0.4923510466988728
P3Numbers_20150414_m_13_004,65,4,0.6666666666666666,1.0,0.8501754385964913
P3Numbers_20150414_m_14_001,65,4,1.0,1.0,0.8873873873873874
P3Numbers_20150414_m_14_003,65,4,1.0,1.0,0.9429747207524986
P3Numbers_20150414_m_15_001,65,23,0.6666666666666666,1.0,0.6394587772592527
P3Numbers_20150507_f_14_001,65,24,0.0,0.0,0.5161595324050198
P3Numbers_20150507_f_14_002,65,7,1.0,1.0,0.7482993197278912
P3Numbers_20150507_f_14_003,65,8,0.3333333333333333,0.6666666666666666,0.6238553113553112
P3Numbers_20150507_f_14_004,65,14,1.0,1.0,0.7403543633051829
P3Numbers_20150507_f_14_005,65,9,0.0,0.0,0.3436578171091445
P3Numbers_20150507_m_13_001,65,11,0.6666666666666666,1.0,0.7781469176818013
P3Numbers_20150507_m_14_001,65,3,0.3333333333333333,0.3333333333333333,0.6871657754010695
P3Numbers_20150507_m_14_002,65,23,0.0,0.3333333333333333,0.6189490628952513
P3Numbers_20150507_m_14_003,65,24,0.3333333333333333,0.3333333333333333,0.5815821256038648
P3Numbers_20150507_m_14_004,65,9,0.0,0.0,0.46745271432080565
P3Numbers_20150507_m_14_005,65,22,1.0,1.0,0.6797359909082962
P3Numbers_20150507_m_14_006,65,6,1.0,1.0,0.8986842105263158
P3Numbers_20150507_m_14_007,65,8,1.0,1.0,0.796123226029768
P3Numbers_20150507_m_15_001,65,29,0.0,0.3333333333333333,0.5979287583930807
P3Numbers_20150507_m_16_001,65,9,0.6666666666666666,0.6666666666666666,0.8088916982722293
P3Numbers_20150514_f_09_001,65,15,1.0,1.0,0.6618729669577128
P3Numbers_20150514_f_09_002,65,11,1.0,1.0,0.6519818063677713
P3Numbers_20150514_f_10_001,65,18,0.0,0.0,0.6040829346092504
P3Numbers_20150514_f_10_002,65,15,1.0,1.0,0.8087265347539322
P3Numbers_20150514_f_10_003,65,5,1.0,1.0,0.9511316872427983
P3Numbers_20150514_m_09_001,65,3,1.0,1.0,0.7938271604938271
P3Numbers_20150514_m_10_001,65,31,1.0,0.6666666666666666,0.6538658474142345
P3Numbers_20150514_m_10_002,65,19,0.3333333333333333,0.0,0.5191861690912923
P3Numbers_20150514_m_11_001,65,24,0.6666666666666666,0.6666666666666666,0.6075520833333333
P3Numbers_20150514_m_11_002,65,12,1.0,1.0,0.7278100150440577
P3Numbers_20150514_m_12_001,65,10,0.6666666666666666,0.6666666666666666,0.7211920529801326
P3Numbers_20150514_m_12_002,65,21,1.0,1.0,0.8313217760222368
P3Numbers_20150514_m_12_003,65,22,1.0,1.0,0.6842995169082126
P3Numbers_20150514_m_13_001,65,20,0.6666666666666666,0.6666666666666666,0.7098984771573603
P3Numbers_20150514_m_13_002,65,20,1.0,1.0,0.6860885275519423
P3Numbers_20150514_m_13_003,65,7,1.0,1.0,0.9317023445463812
P3Numbers_20150514_m_13_004,65,21,0.0,0.0,0.4622349622349622
P3Numbers_20150514_m_13_005,65,12,1.0,1.0,0.7497341839447103
P3Numbers_20150514_m_13_006,65,11,1.0,1.0,0.714546783625731
P3Numbers_20150514_m_13_007,65,16,1.0,1.0,0.7676534073388838
P3Numbers_20150526_f_13_001,65,26,0.0,0.0,0.6771909403947814
P3Numbers_20150526_f_13_002,65,12,1.0,1.0,0.7749094202898551
P3Numbers_20150526_f_13_003,65,2,0.3333333333333333,1.0,0.8129943502824859
P3Numbers_20150526_f_14_001,65,12,0.6666666666666666,0.3333333333333333,0.6629505759940543
P3Numbers_20150526_m_11_001,65,13,1.0,1.0,0.7699417319670484
P3Numbers_20150526_m_12_001,65,24,0.3333333333333333,0.6666666666666666,0.6795441288643604
P3Numbers_20150526_m_12_002,65,15,1.0,1.0,0.7381573229030857
P3Numbers_20150526_m_12_003,65,7,1.0,1.0,0.6798493408662901
P3Numbers_20150526_m_12_004,65,22,1.0,1.0,0.6481909902962535
P3Numbers_20150526_m_13_001,65,13,1.0,1.0,0.7574603174603175
P3Numbers_20150526_m_13_002,65,23,0.3333333333333333,0.3333333333333333,0.6691919191919191
P3Numbers_20150526_m_13_003,65,6,1.0,1.0,0.8296378418329639
P3Numbers_20150526_m_13_004,65,8,0.3333333333333333,0.3333333333333333,0.6969111969111969
P3Numbers_20150526_m_13_005,65,23,1.0,0.3333333333333333,0.6829176114890401
P3Numbers_20150526_m_14_001,65,9,1.0,1.0,0.7991762105686157
P3Numbers_20150526_m_14_002,65,10,0.3333333333333333,0.0,0.8408333333333333
P3Numbers_20150526_m_14_003,65,12,1.0,1.0,0.7311886586695747
P3Numbers_20150526_m_14_004,65,21,0.0,0.0,0.492010582010582
P3Numbers_20150526_m_14_005,65,15,0.0,0.0,0.48176993192569517
P3Numbers_20150526_m_14_006,65,18,1.0,1.0,0.6459997197702116
P3Numbers_20150618_f_10_001,65,7,1.0,1.0,0.8450146015853152
P3Numbers_20150618_f_11_001,65,14,0.0,0.0,0.5388737235870994
P3Numbers_20150618_f_11_002,65,28,0.0,0.0,0.5197766548131512
P3Numbers_20150618_f_11_003,65,10,0.6666666666666666,1.0,0.8398454746136865
P3Numbers_20150618_f_11_004,65,7,1.0,1.0,0.7402452619843926
P3Numbers_20150618_f_11_005,65,15,1.0,1.0,0.6858464258994763
P3Numbers_20150618_f_11_006,65,20,0.0,0.0,0.5428046989720997
P3Numbers_20150618_f_11_007,65,3,1.0,1.0,0.7097868217054263
P3Numbers_20150618_f_12_001,65,16,0.0,0.0,0.46466779279279286
P3Numbers_20150618_m_11_001,65,15,1.0,1.0,0.793773483628556
P3Numbers_20150618_m_11_002,65,16,0.0,0.0,0.5968079539508112
P3Numbers_20150618_m_12_001,65,23,0.3333333333333333,0.3333333333333333,0.5502602472348731
P3Numbers_20150618_m_12_002,65,6,1.0,0.6666666666666666,0.8145743145743145
