architecture,stage,temporal_kernel,branch_kernel,output_index,center_ms,theoretical_rf_samples,start_sample,end_sample,n_samples,start_ms,end_ms,whole_cached_epoch
K65,branch_feature,65,5,0,-188.28125,84,0,43,44,-200.0,135.9375,False
K65,branch_feature,65,5,1,-157.03125,84,0,47,48,-200.0,167.1875,False
K65,branch_feature,65,5,2,-125.78125,84,0,51,52,-200.0,198.4375,False
K65,branch_feature,65,5,3,-94.53125,84,0,55,56,-200.0,229.6875,False
K65,branch_feature,65,5,4,-63.28125,84,0,59,60,-200.0,260.9375,False
K65,branch_feature,65,5,5,-32.03125,84,0,63,64,-200.0,292.1875,False
K65,branch_feature,65,5,6,-0.78125,84,0,67,68,-200.0,323.4375,False
K65,branch_feature,65,5,7,30.46875,84,0,71,72,-200.0,354.6875,False
K65,branch_feature,65,5,8,61.71875,84,0,75,76,-200.0,385.9375,False
K65,branch_feature,65,5,9,92.96875,84,0,79,80,-200.0,417.1875,False
K65,branch_feature,65,5,10,124.21875,84,0,83,84,-200.0,448.4375,False
K65,branch_feature,65,5,11,155.46875,84,4,87,84,-168.75,479.6875,False
K65,branch_feature,65,5,12,186.71875,84,8,91,84,-137.5,510.9375,False
K65,branch_feature,65,5,13,217.96875,84,12,95,84,-106.25,542.1875,False
K65,branch_feature,65,5,14,249.21875,84,16,99,84,-75.0,573.4375,False
K65,branch_feature,65,5,15,280.46875,84,20,103,84,-43.75,604.6875,False
K65,branch_feature,65,5,16,311.71875,84,24,107,84,-12.5,635.9375,False
K65,branch_feature,65,5,17,342.96875,84,28,111,84,18.75,667.1875,False
K65,branch_feature,65,5,18,374.21875,84,32,115,84,50.0,698.4375,False
K65,branch_feature,65,5,19,405.46875,84,36,119,84,81.25,729.6875,False
K65,branch_feature,65,5,20,436.71875,84,40,123,84,112.5,760.9375,False
K65,branch_feature,65,5,21,467.96875,84,44,127,84,143.75,792.1875,False
K65,branch_feature,65,5,22,499.21875,84,48,127,80,175.0,792.1875,False
K65,branch_feature,65,5,23,530.46875,84,52,127,76,206.25,792.1875,False
K65,branch_feature,65,5,24,561.71875,84,56,127,72,237.5,792.1875,False
K65,branch_feature,65,5,25,592.96875,84,60,127,68,268.75,792.1875,False
K65,branch_feature,65,5,26,624.21875,84,64,127,64,300.0,792.1875,False
K65,branch_feature,65,5,27,655.46875,84,68,127,60,331.25,792.1875,False
K65,branch_feature,65,5,28,686.71875,84,72,127,56,362.5,792.1875,False
K65,branch_feature,65,5,29,717.96875,84,76,127,52,393.75,792.1875,False
K65,branch_feature,65,5,30,749.21875,84,80,127,48,425.0,792.1875,False
K65,branch_feature,65,5,31,780.46875,84,84,127,44,456.25,792.1875,False
K65,ms_flatten_bin,65,5,0,-78.90625,112,0,71,72,-200.0,354.6875,False
K65,ms_flatten_bin,65,5,1,171.09375,112,0,103,104,-200.0,604.6875,False
K65,ms_flatten_bin,65,5,2,421.09375,112,24,127,104,-12.5,792.1875,False
K65,ms_flatten_bin,65,5,3,671.09375,112,56,127,72,237.5,792.1875,False
K65,branch_feature,65,17,0,-188.28125,132,0,67,68,-200.0,323.4375,False
K65,branch_feature,65,17,1,-157.03125,132,0,71,72,-200.0,354.6875,False
K65,branch_feature,65,17,2,-125.78125,132,0,75,76,-200.0,385.9375,False
K65,branch_feature,65,17,3,-94.53125,132,0,79,80,-200.0,417.1875,False
K65,branch_feature,65,17,4,-63.28125,132,0,83,84,-200.0,448.4375,False
K65,branch_feature,65,17,5,-32.03125,132,0,87,88,-200.0,479.6875,False
K65,branch_feature,65,17,6,-0.78125,132,0,91,92,-200.0,510.9375,False
K65,branch_feature,65,17,7,30.46875,132,0,95,96,-200.0,542.1875,False
K65,branch_feature,65,17,8,61.71875,132,0,99,100,-200.0,573.4375,False
K65,branch_feature,65,17,9,92.96875,132,0,103,104,-200.0,604.6875,False
K65,branch_feature,65,17,10,124.21875,132,0,107,108,-200.0,635.9375,False
K65,branch_feature,65,17,11,155.46875,132,0,111,112,-200.0,667.1875,False
K65,branch_feature,65,17,12,186.71875,132,0,115,116,-200.0,698.4375,False
K65,branch_feature,65,17,13,217.96875,132,0,119,120,-200.0,729.6875,False
K65,branch_feature,65,17,14,249.21875,132,0,123,124,-200.0,760.9375,False
K65,branch_feature,65,17,15,280.46875,132,0,127,128,-200.0,792.1875,True
K65,branch_feature,65,17,16,311.71875,132,0,127,128,-200.0,792.1875,True
K65,branch_feature,65,17,17,342.96875,132,4,127,124,-168.75,792.1875,False
K65,branch_feature,65,17,18,374.21875,132,8,127,120,-137.5,792.1875,False
K65,branch_feature,65,17,19,405.46875,132,12,127,116,-106.25,792.1875,False
K65,branch_feature,65,17,20,436.71875,132,16,127,112,-75.0,792.1875,False
K65,branch_feature,65,17,21,467.96875,132,20,127,108,-43.75,792.1875,False
K65,branch_feature,65,17,22,499.21875,132,24,127,104,-12.5,792.1875,False
K65,branch_feature,65,17,23,530.46875,132,28,127,100,18.75,792.1875,False
K65,branch_feature,65,17,24,561.71875,132,32,127,96,50.0,792.1875,False
K65,branch_feature,65,17,25,592.96875,132,36,127,92,81.25,792.1875,False
K65,branch_feature,65,17,26,624.21875,132,40,127,88,112.5,792.1875,False
K65,branch_feature,65,17,27,655.46875,132,44,127,84,143.75,792.1875,False
K65,branch_feature,65,17,28,686.71875,132,48,127,80,175.0,792.1875,False
K65,branch_feature,65,17,29,717.96875,132,52,127,76,206.25,792.1875,False
K65,branch_feature,65,17,30,749.21875,132,56,127,72,237.5,792.1875,False
K65,branch_feature,65,17,31,780.46875,132,60,127,68,268.75,792.1875,False
K65,ms_flatten_bin,65,17,0,-78.90625,160,0,95,96,-200.0,542.1875,False
K65,ms_flatten_bin,65,17,1,171.09375,160,0,127,128,-200.0,792.1875,True
K65,ms_flatten_bin,65,17,2,421.09375,160,0,127,128,-200.0,792.1875,True
K65,ms_flatten_bin,65,17,3,671.09375,160,32,127,96,50.0,792.1875,False
K35,branch_feature,35,5,0,-188.28125,54,0,28,29,-200.0,18.75,False
K35,branch_feature,35,5,1,-157.03125,54,0,32,33,-200.0,50.0,False
K35,branch_feature,35,5,2,-125.78125,54,0,36,37,-200.0,81.25,False
K35,branch_feature,35,5,3,-94.53125,54,0,40,41,-200.0,112.5,False
K35,branch_feature,35,5,4,-63.28125,54,0,44,45,-200.0,143.75,False
K35,branch_feature,35,5,5,-32.03125,54,0,48,49,-200.0,175.0,False
K35,branch_feature,35,5,6,-0.78125,54,0,52,53,-200.0,206.25,False
K35,branch_feature,35,5,7,30.46875,54,3,56,54,-176.5625,237.5,False
K35,branch_feature,35,5,8,61.71875,54,7,60,54,-145.3125,268.75,False
K35,branch_feature,35,5,9,92.96875,54,11,64,54,-114.0625,300.0,False
K35,branch_feature,35,5,10,124.21875,54,15,68,54,-82.8125,331.25,False
K35,branch_feature,35,5,11,155.46875,54,19,72,54,-51.5625,362.5,False
K35,branch_feature,35,5,12,186.71875,54,23,76,54,-20.3125,393.75,False
K35,branch_feature,35,5,13,217.96875,54,27,80,54,10.9375,425.0,False
K35,branch_feature,35,5,14,249.21875,54,31,84,54,42.1875,456.25,False
K35,branch_feature,35,5,15,280.46875,54,35,88,54,73.4375,487.5,False
K35,branch_feature,35,5,16,311.71875,54,39,92,54,104.6875,518.75,False
K35,branch_feature,35,5,17,342.96875,54,43,96,54,135.9375,550.0,False
K35,branch_feature,35,5,18,374.21875,54,47,100,54,167.1875,581.25,False
K35,branch_feature,35,5,19,405.46875,54,51,104,54,198.4375,612.5,False
K35,branch_feature,35,5,20,436.71875,54,55,108,54,229.6875,643.75,False
K35,branch_feature,35,5,21,467.96875,54,59,112,54,260.9375,675.0,False
K35,branch_feature,35,5,22,499.21875,54,63,116,54,292.1875,706.25,False
K35,branch_feature,35,5,23,530.46875,54,67,120,54,323.4375,737.5,False
K35,branch_feature,35,5,24,561.71875,54,71,124,54,354.6875,768.75,False
K35,branch_feature,35,5,25,592.96875,54,75,127,53,385.9375,792.1875,False
K35,branch_feature,35,5,26,624.21875,54,79,127,49,417.1875,792.1875,False
K35,branch_feature,35,5,27,655.46875,54,83,127,45,448.4375,792.1875,False
K35,branch_feature,35,5,28,686.71875,54,87,127,41,479.6875,792.1875,False
K35,branch_feature,35,5,29,717.96875,54,91,127,37,510.9375,792.1875,False
K35,branch_feature,35,5,30,749.21875,54,95,127,33,542.1875,792.1875,False
K35,branch_feature,35,5,31,780.46875,54,99,127,29,573.4375,792.1875,False
K35,ms_flatten_bin,35,5,0,-78.90625,82,0,56,57,-200.0,237.5,False
K35,ms_flatten_bin,35,5,1,171.09375,82,7,88,82,-145.3125,487.5,False
K35,ms_flatten_bin,35,5,2,421.09375,82,39,120,82,104.6875,737.5,False
K35,ms_flatten_bin,35,5,3,671.09375,82,71,127,57,354.6875,792.1875,False
K35,branch_feature,35,17,0,-188.28125,102,0,52,53,-200.0,206.25,False
K35,branch_feature,35,17,1,-157.03125,102,0,56,57,-200.0,237.5,False
K35,branch_feature,35,17,2,-125.78125,102,0,60,61,-200.0,268.75,False
K35,branch_feature,35,17,3,-94.53125,102,0,64,65,-200.0,300.0,False
K35,branch_feature,35,17,4,-63.28125,102,0,68,69,-200.0,331.25,False
K35,branch_feature,35,17,5,-32.03125,102,0,72,73,-200.0,362.5,False
K35,branch_feature,35,17,6,-0.78125,102,0,76,77,-200.0,393.75,False
K35,branch_feature,35,17,7,30.46875,102,0,80,81,-200.0,425.0,False
K35,branch_feature,35,17,8,61.71875,102,0,84,85,-200.0,456.25,False
K35,branch_feature,35,17,9,92.96875,102,0,88,89,-200.0,487.5,False
K35,branch_feature,35,17,10,124.21875,102,0,92,93,-200.0,518.75,False
K35,branch_feature,35,17,11,155.46875,102,0,96,97,-200.0,550.0,False
K35,branch_feature,35,17,12,186.71875,102,0,100,101,-200.0,581.25,False
K35,branch_feature,35,17,13,217.96875,102,3,104,102,-176.5625,612.5,False
K35,branch_feature,35,17,14,249.21875,102,7,108,102,-145.3125,643.75,False
K35,branch_feature,35,17,15,280.46875,102,11,112,102,-114.0625,675.0,False
K35,branch_feature,35,17,16,311.71875,102,15,116,102,-82.8125,706.25,False
K35,branch_feature,35,17,17,342.96875,102,19,120,102,-51.5625,737.5,False
K35,branch_feature,35,17,18,374.21875,102,23,124,102,-20.3125,768.75,False
K35,branch_feature,35,17,19,405.46875,102,27,127,101,10.9375,792.1875,False
K35,branch_feature,35,17,20,436.71875,102,31,127,97,42.1875,792.1875,False
K35,branch_feature,35,17,21,467.96875,102,35,127,93,73.4375,792.1875,False
K35,branch_feature,35,17,22,499.21875,102,39,127,89,104.6875,792.1875,False
K35,branch_feature,35,17,23,530.46875,102,43,127,85,135.9375,792.1875,False
K35,branch_feature,35,17,24,561.71875,102,47,127,81,167.1875,792.1875,False
K35,branch_feature,35,17,25,592.96875,102,51,127,77,198.4375,792.1875,False
K35,branch_feature,35,17,26,624.21875,102,55,127,73,229.6875,792.1875,False
K35,branch_feature,35,17,27,655.46875,102,59,127,69,260.9375,792.1875,False
K35,branch_feature,35,17,28,686.71875,102,63,127,65,292.1875,792.1875,False
K35,branch_feature,35,17,29,717.96875,102,67,127,61,323.4375,792.1875,False
K35,branch_feature,35,17,30,749.21875,102,71,127,57,354.6875,792.1875,False
K35,branch_feature,35,17,31,780.46875,102,75,127,53,385.9375,792.1875,False
K35,ms_flatten_bin,35,17,0,-78.90625,130,0,80,81,-200.0,425.0,False
K35,ms_flatten_bin,35,17,1,171.09375,130,0,112,113,-200.0,675.0,False
K35,ms_flatten_bin,35,17,2,421.09375,130,15,127,113,-82.8125,792.1875,False
K35,ms_flatten_bin,35,17,3,671.09375,130,47,127,81,167.1875,792.1875,False
